<?xml version="1.0" encoding="UTF-8"?>
<project-private xmlns="http://www.netbeans.org/ns/project-private/1">
    <editor-bookmarks xmlns="http://www.netbeans.org/ns/editor-bookmarks/2" lastBookmarkId="0"/>
    <open-files xmlns="http://www.netbeans.org/ns/projectui-open-files/2">
        <group name="AtividadesPontuadas">
            <file>file:/C:/Users/rober/OneDrive/Documentos/NetBeansProjects/POOOOOO/POOOOOO/ProjetoMVC/src/locadora/dao/ExceptionDAO.java</file>
            <file>file:/C:/Users/rober/OneDrive/Documentos/NetBeansProjects/POOOOOO/POOOOOO/ProjetoMVC/src/locadora/dao/AutomovelDAO.java</file>
            <file>file:/C:/Users/rober/OneDrive/Documentos/NetBeansProjects/POOOOOO/POOOOOO/ProjetoMVC/src/locadora/model/Automovel.java</file>
            <file>file:/C:/Users/rober/OneDrive/Documentos/NetBeansProjects/POOOOOO/POOOOOO/ProjetoMVC/src/locadora/dao/ConnectionMVC.java</file>
            <file>file:/C:/Users/rober/OneDrive/Documentos/NetBeansProjects/POOOOOO/POOOOOO/ProjetoMVC/src/locadora/controller/AutomovelController.java</file>
            <file>file:/C:/Users/rober/OneDrive/Documentos/NetBeansProjects/POOOOOO/POOOOOO/ProjetoMVC/src/locadora/view/TelaCadastroAutomovel.java</file>
        </group>
    </open-files>
</project-private>
